BugStationID,Latitude,Longitude,Year,Med_IBI_Score,Med_IBI_Threshold,Index_Nar,DistCat_Tt,Med_TotTaxSc,Med_PlecTaxSc,Med_ChirPctSc,Med_NonInsPctSc,Med_ClingPctSc,Med_IntolPctSc,Med_TolerTaxSc,Med_NOx_mgL,Med_TP_mgL,Med_TKN_mgL,Med_NO3_mgL,Med_TN_mgL,Med_NO2_mgL,Med_Chla_uncorr,Med_NH3_mgL,Med_PO4_mgL
00-SCK,43.159989,-71.493267,2012,61.62112297,60.16,Above_Threshold,Non-Ref,52.66076949,18.95548255,81.07142857,100,83.05647841,11.73268256,83.87101921,0.21,0.012,0.015,0.21,,0.005,,,
00C-50,44.089375,-72.025019,2000,53.28954737,62.36,Below_Threshold,Non-Ref,44.01887205,22.7254365,68.31395349,93.02325581,55.77339102,11.65082664,77.52109606,,0.046,0.36,0.32,,,,,
00L-OTT,44.481117,-71.541219,2016,62.15540011,64.5,Below_Threshold,Ref,73.5742064,0,95.25641026,86.66666667,87.81915759,13.98295091,77.78840897,0.13,0.0271,0.27,0.13,,0.004,,,
00M-1,42.905639,-71.52374,2000,43.83213428,59,Below_Threshold,Non-Ref,37.21651126,22.39234786,57.43440233,96.20991254,4.622809559,5.74662003,83.20233635,,0.038,0.79,0.05,,,,,
00M-1,42.905639,-71.52374,2008,56.5333709,59,Below_Threshold,Non-Ref,52.96304188,0,84.48275862,98.27586207,86.48856429,4.943174094,68.58019537,0.003,0.027,0.49,,,,,,0.0047
00M-15,42.795559,-71.595888,2000,71.12118714,59,Above_Threshold,Non-Ref,64.53523532,30.89554766,89.44444444,100,72.82123561,40.15184698,100,,0.009,0.33,0.26,,,,,
00M-17,42.83583333,-71.47361111,2000,53.64476337,59,Below_Threshold,Non-Ref,68.60094402,41.97675673,51.66320166,97.92099792,44.17329999,20.89929817,50.27884513,,0.023,0.61,0.2,,,,,
00M-18,43.32338,-71.629579,2000,56.8219728,61.75,Below_Threshold,Non-Ref,44.32810378,22.72727271,59.38697318,100,40.09623095,31.215229,100,,0.028,0.4,0.18,,,,,
00M-18,43.32338,-71.629579,2011,76.55007348,61.75,Above_Threshold,Non-Ref,103.8729466,107.8812676,76.00700525,94.2206655,61.27745915,50.85943235,53.48595213,0.205,0.024,0.015,0.195,,0.005,,,
00M-19,43.169031,-71.524747,2000,61.90363175,60.32,Above_Threshold,Non-Ref,57.92227481,22.72727273,84.57943925,93.45794393,47.42052123,54.65017746,72.56779284,,0.031,0.43,0.22,,,,,
00M-22,43.414598,-71.296292,2008,56.62515538,63.84,Below_Threshold,Non-Ref,50.23147897,30.07524174,59.21568627,99.31372549,46.63599055,22.28749581,88.61646885,0.003,0.011,0.1,,,,,,
00M-23,42.81138889,-71.35527778,2000,56.88241857,59,Below_Threshold,Non-Ref,40.79845865,41.35083791,60.71126164,100,49.58710234,16.57874738,89.15052208,,0.028,0.62,0.12,,,,,
00M-38,43.623118,-71.160411,2000,70.27434013,66,Above_Threshold,Non-Ref,67.74783769,103.7195093,70.47619048,99.76190476,36.99788584,32.53863963,84.3979225,,0.016,0.33,0.06,,,,,
00M-44,43.02538,-71.504638,2000,57.51890241,59.22,Below_Threshold,Non-Ref,84.30980666,43.07516769,86.44366197,82.92253521,78.3506536,27.53049175,-7.898011886,,0.02,0.39,0.07,,,,,
00M-47,42.725176,-71.637641,2000,40.44016263,59,Below_Threshold,Non-Ref,22.64047831,0,85.2173913,89.56521739,11.03042559,6.855967548,67.7716583,,0.019,0.39,0.09,,,,,
00M-48,42.87083333,-71.49305556,2000,64.11771756,59,Above_Threshold,Non-Ref,51.24707583,61.22297656,69.5026178,99.60732984,61.57090201,31.13153676,74.54158411,,0.018,0.39,0.05,,,,,
00M-49,42.751649,-71.41934,2000,33.86491701,59,Below_Threshold,Non-Ref,59.66032138,0,25.56270096,94.85530547,15.29540526,3.380219799,38.30046619,,0.016,0.66,0.05,,,,,
00M-50,42.919813,-71.445941,2000,35.76974059,59,Below_Threshold,Non-Ref,62.62109081,22.72727273,53.33333333,60,7.04721635,5.694261936,38.96500895,,0.021,0.74,0.45,,,,,
00M-6,42.954269,-71.402184,2000,32.04092497,59,Below_Threshold,Non-Ref,51.81670848,10.05631537,61.30434783,61.95652174,9.536722125,1.713991887,27.90186739,,0.0305,0.67,0.31,,,,,
00M-7,43.327711,-71.488206,2000,51.15718523,61.31,Below_Threshold,Non-Ref,56.68628233,34.08299158,39.18128655,100,27.1997824,27.28020226,73.66975145,,0.034,0.48,0.05,,,,,
00M-8,43.32666667,-71.38777778,2000,69.27222049,63.62,Above_Threshold,Non-Ref,74.94270145,68.18068607,62.4,100,35.5179704,56.7674113,87.09677419,,0.025,0.26,0.07,,,,,
00P-28,43.070164,-70.775525,2000,42.85645426,59,Below_Threshold,Non-Ref,58.76416075,0,97.05488621,50.20080321,64.38721765,0.175911706,29.41220031,,0.043,0.8,0.14,,,,,
00P-30,42.996218,-71.149574,2000,43.35897872,59,Below_Threshold,Non-Ref,69.77718146,18.54137796,32.7991453,97.75641026,28.34697602,13.33715197,42.95460807,,0.019,0.47,0.09,,,,,
00P-32,43.174438,-70.91779,2000,36.45252373,59,Below_Threshold,Non-Ref,30.62410137,13.18735233,14.28571429,100,3.179195346,1.976030747,91.91527205,,0.021,0.45,0.06,,,,,
00P-45,43.29972222,-70.98222222,2000,51.21455503,59,Below_Threshold,Non-Ref,63.40746141,22.72727273,66.28455833,81.52393796,35.78256177,24.01283756,64.76325544,,0.1135,0.61,0.83,,,,0.225,
00S-36,44.044585,-71.124726,2000,45.90090368,66.66,Below_Threshold,Non-Ref,49.24796285,44.09306225,16.97722567,99.17184265,14.66346259,9.250114946,87.90265478,,0.005,0.1,0.27,,,,,
01-CBB,42.8823,-71.4626,2012,48.30121411,59,Below_Threshold,Non-Ref,37.20930233,0,89.8989899,94.94949495,46.98144233,1.327333785,67.74193548,1.7,0.023,0.25,1.7,,0.005,,,
01-CUB,44.40461,-71.73102,2016,91.48794419,64.5,Above_Threshold,Ref,95.0336319,147.6275682,94.42970822,100,86.0807196,78.42535823,86.44619138,0.061,0.00916,0.038,0.058,,0.004,,,
01-DIA,44.874619,-71.055314,2017,59.86033077,64.5,Below_Threshold,Ref,87.11958828,20.66115702,65.82278481,100,54.52672144,21.83170046,69.06036334,0.069,0.00968,0.08,0.062,,0.002,,,
01-DTB,43.052322,-72.295397,2014,71.59061858,64.5,Above_Threshold,Non-Ref,97.6744186,113.6363636,52.60869565,100,48.25811196,34.85116837,67.74193548,0.073,0.00955,,0.0955,,0.004,,,
01-EBP,44.030406,-71.679772,2012,63.75668059,64.5,Below_Threshold,Non-Ref,48.18633486,0,86.05664488,100,83.13872883,28.91505558,100,0.16639373,,,,,,,,0.0043354
01-EBP,44.030406,-71.679772,2013,75.02609923,64.5,Above_Threshold,Non-Ref,66.01985207,54.64560805,81.29445235,98.29302987,80.22097985,50.93619797,93.77257442,0.17,0.0175,0.26,,,,,,
01-GAL,44.256467,-71.831244,2018,67.42663215,64.5,Above_Threshold,Non-Ref,106.0234148,20.66115702,62.67409471,100,56.82922377,47.95039513,83.87155444,0.002,0.00778,0.08,0.003,,0.002,,,
01-GRB,43.137758,-72.404406,2011,72.10519631,61.75,Above_Threshold,Non-Ref,99.09663296,97.09264104,60.62052506,97.37470167,43.89793478,43.90655431,62.74738437,0.2,0.0075,0.015,0.19,,0.005,,,
01-GRE,43.038217,-72.453985,2011,68.79362215,61.75,Above_Threshold,Non-Ref,104.3232612,64.36878578,74.47552448,95.27972028,53.59334112,45.25697693,48.5810065,1.4,0.0155,0.015,1.4,,0.005,,,
01-HRT,42.848469,-71.674544,2010,56.93585745,59,Below_Threshold,Non-Ref,59.44292044,0,89.60302457,76.93761815,48.95750489,66.32403389,57.28590023,0.31,0.023,0.29,0.31,,0.005,,,
01-JWT,43.532479,-71.465398,2013,49.13962643,63,Below_Threshold,Non-Ref,86.57766735,42.4808836,75.25773196,54.3814433,19.3435191,13.20833954,52.72780018,0.11,0.0195,0.305,0.11,,0.004,0.82,,
01-JWT,43.532479,-71.465398,2015,48.60485048,63,Below_Threshold,Non-Ref,65.11627907,45.45454545,79.51318458,38.53955375,13.07951919,14.65990356,83.87096774,0.245,0.0148,0.465,0.24,,0.004,,,
01-JWT,43.532479,-71.465398,2016,46.68816011,63,Below_Threshold,Non-Ref,60.46511628,22.72727273,85.12396694,58.67768595,48.04920238,16.29000554,35.48387097,0.22,0.013,0.038,0.27,,0.004,,,
01-JWT,43.532479,-71.465398,2017,40.81523696,63,Below_Threshold,Non-Ref,92.5254149,61.98347107,57.08737864,48.15533981,5.747244402,4.082517893,16.12529197,0.27,0.0107,0.08,0.31,,0.002,,,
01-JWT,43.532479,-71.465398,2018,38.37909279,63,Below_Threshold,Non-Ref,58.38890501,18.78287002,95.67387687,11.14808652,9.497912218,4.154267635,71.00773127,0.22,0.01061,0.08,0.215,,0.002,,,
01-MSC,43.63383,-72.31739,2013,62.76609415,61.75,Above_Threshold,Non-Ref,50.45317076,18.76899744,90.90909091,99.86631016,88.46706086,7.027061213,83.87096774,0.064,0.0135,0.1425,0.059,,0.004,,,
01-MSC,43.63383,-72.31739,2014,71.95356238,61.75,Above_Threshold,Non-Ref,72.02760003,33.89711197,97.60348584,100,49.28445421,66.99131689,83.87096774,0.0955,0.00985,0.41,0.078,0.29,0.004,,,
01-MSC,43.63383,-72.31739,2015,69.93638,61.75,Above_Threshold,Non-Ref,65.22502576,35.79098067,97.70992366,97.51908397,62.73905395,45.39025589,85.18033612,0.037,0.0141,0.305,0.011,,0.004,,,
01-MSC,43.63383,-72.31739,2016,67.69886318,61.75,Above_Threshold,Non-Ref,76.38821387,22.56207833,97.42647059,96.32352941,71.70283547,37.92417098,71.56474361,0.072,0.0132,0.038,0.055,,0.004,,,
01-MSC,43.63383,-72.31739,2017,63.96814904,61.75,Above_Threshold,Non-Ref,67.60138188,22.7232651,96.67590028,97.78393352,50.36514732,28.75644745,83.87096774,0.071,0.00992,0.08,0.0585,,0.002,,,
01-MSC,43.63383,-72.31739,2018,64.46183313,61.75,Above_Threshold,Non-Ref,69.2095847,20.2054504,93.41517857,98.54910714,58.87099819,21.70546274,89.27705014,0.096,0.010095,0.08,0.089,,0.002,0.77,,
01-NIS,42.7052,-71.621,2016,51.44027133,59,Below_Threshold,Non-Ref,98.64527469,21.42346435,71.89542484,92.81045752,64.7146338,10.59264412,-23.50148756,0.17,0.0129,0.25,0.16,,0.004,,,
01-PYS,45.085235,-71.320067,2013,78.29736573,72,Above_Threshold,Non-Ref,116.0153688,70.07575645,84.34163701,99.64412811,77.30620782,47.69899131,69.01483938,0.155,0.007695,,0.16,,0.004,,,
01-SGR,43.398329,-72.393798,2013,62.0654376,61.75,Above_Threshold,Non-Ref,79.63207848,19.10199317,96.64335664,87.27272727,65.93829004,30.50825653,55.36136107,0.27,0.0297,0.1475,0.1065,,0.004,3.19,,
01-SGR,43.398329,-72.393798,2014,67.21622088,61.75,Above_Threshold,Non-Ref,66.00315207,14.0291807,98.69203329,98.57312723,80.44384894,26.5624585,86.20974544,0.26,0.0228,0.46,0.19,0.68,0.004,,,
01-SGR,43.398329,-72.393798,2015,69.25625857,61.75,Above_Threshold,Non-Ref,60.90666159,19.56475129,98.50187266,98.37702871,73.63945174,49.87195703,83.93208698,0.3,0.0379,0.39,0.37,,0.004,7.08,,
01-SGR,43.398329,-72.393798,2016,61.39588424,61.75,Below_Threshold,Non-Ref,57.29164333,11.42074006,99.28825623,98.93238434,71.85151189,14.26293368,76.72372012,0.49,0.0524,0.3,0.44,,0.004,,,
01-SGR,43.398329,-72.393798,2017,72.83758324,61.75,Above_Threshold,Non-Ref,53.24367073,33.76929674,99.82394366,100,83.56162344,60.84470026,78.61984783,0.29,0.0201,0.26,0.26,,0.002,,,
01-SGR,43.398329,-72.393798,2018,66.7844893,61.75,Above_Threshold,Non-Ref,60.93266368,9.796238245,99.37965261,99.00744417,94.69150504,19.72721018,83.95671116,0.3,0.03115,0.215,0.29,,0.002,,,
01-STK,42.740614,-71.881642,2010,44.41463627,59,Below_Threshold,Non-Ref,74.41860465,0,54.27069645,91.4586071,8.195514414,41.2694411,41.28959014,0.7,0.02,0.07,0.7,,0.005,,,
01-TYB,42.736527,-72.232198,2013,65.99957815,62.96,Above_Threshold,Non-Ref,77.86282284,105.8731946,100,100,0,0,84.13422418,0.011,0.01201,0.305,0.0475,,0.004,,,
01-TYB,42.736527,-72.232198,2014,65.40872316,62.96,Above_Threshold,Non-Ref,65.11627907,45.45454545,81.89655172,99.13793103,74.72479405,23.78902533,67.74193548,0.011,0.01105,0.25,0.088,,0.004,,,
01-TYB,42.736527,-72.232198,2015,79.15486527,62.96,Above_Threshold,Non-Ref,93.02325581,90.90909091,84.10041841,98.32635983,75.63225915,60.47976952,51.61290323,0.0305,0.01345,0.3,0.011,,0.004,,,
01-TYB,42.736527,-72.232198,2016,71.96750611,62.96,Above_Threshold,Non-Ref,78.31468983,45.45454545,93.83697813,99.20477137,81.54035617,75.76094027,29.66026152,0.16,0.0216,0.31,0.15,,0.004,,,
01-TYB,42.736527,-72.232198,2017,67.89986926,62.96,Above_Threshold,Non-Ref,83.16921979,66.84491979,69.19087137,100,52.08653163,36.25934428,67.74819797,0.055,0.018,0.38,0.003,,0.002,,,
01-TYB,42.736527,-72.232198,2018,64.98469576,62.96,Above_Threshold,Non-Ref,80.60741075,56.50748773,70.97844113,99.50248756,34.00895452,27.45797948,85.83010917,0.002,0.0137,0.08,0.003,,0.002,,,
01-WIR,44.33127,-71.02778,2016,66.80419421,66.53,Above_Threshold,Non-Ref,87.88357557,40.22526146,77.84810127,100,79.83871687,23.5643751,58.26932924,0.0335,0.00559,0.038,0.0315,,0.004,,,
01A-21,44.40083333,-71.23016667,2008,67.53530065,68.25,Below_Threshold,Non-Ref,84.45668411,86.60626057,42.36526946,98.12874251,35.52619919,40.32670533,85.3372434,0.11,0.0083,0.1,,,,,,
01AA-SGR,43.391279,-72.385598,2012,57.78832173,61.75,Below_Threshold,Non-Ref,36.93570451,22.72727273,71.83098592,100,37.85929105,35.16499787,100,0.41,0.046,0.42,0.4,,0.005,,,
01B-PRG,42.8534,-71.697537,2010,50.40376647,59,Below_Threshold,Non-Ref,73.49086078,22.66623871,88.95027624,87.84530387,31.82927826,21.05400716,26.99040024,0.072,0.028,0.36,0.066,,0.005,,,
01C-WAB,43.151923,-72.349074,2014,69.05511066,63.24,Above_Threshold,Non-Ref,63.62681038,52.71356722,76.50531287,99.76387249,66.76967084,27.46029505,96.54624577,0.058,0.00813,,0.0805,,0.004,,,
01H-EBP,44.039033,-71.666778,2013,79.81508408,64.5,Above_Threshold,Ref,69.76744186,113.6363636,92.39302694,99.36608558,94.1490235,19.15904296,83.87096774,0.13,5.00E-04,0.015,,,,,,
01K-HOB,43.069322,-70.778485,2013,39.75168052,59,Below_Threshold,Non-Ref,78.26176362,0,100,100,0,0,-15.91641719,0.22,0.04,0.56,0.26,,0.004,,,
01K-HOB,43.069322,-70.778485,2014,42.63507267,59,Below_Threshold,Non-Ref,104.2028761,0,97.25274725,28.15934066,72.31140952,0.722011234,-59.11729859,0.205,0.02845,0.49,0.19,,0.004,,,
01K-HOB,43.069322,-70.778485,2015,43.53152626,59,Below_Threshold,Non-Ref,71.73304502,0,98.31081081,53.49099099,81.185837,0,-0.744649722,0.21,0.0576,0.68,0.088,,0.004,,,
01K-HOB,43.069322,-70.778485,2016,35.00469997,59,Below_Threshold,Non-Ref,74.77859383,0,97.75840598,9.838107098,62.00321732,0.654575565,-21.46223031,0.0925,0.0428,0.56,0.0805,,0.004,,,
01K-HOB,43.069322,-70.778485,2017,38.07752684,59,Below_Threshold,Non-Ref,97.6744186,0,90.74074074,25.92592593,52.20160259,0,-45.16129032,0.27,0.0331,0.35,0.21,,0.002,,,
01K-HOB,43.069322,-70.778485,2018,43.79141957,59,Below_Threshold,Non-Ref,83.72093023,0,95.57416268,62.44019139,61.57884621,0,3.225806452,0.14,0.043,0.525,0.13,,0.002,,,
01M-TGR,43.442558,-71.517831,2015,64.36302509,64.33,Above_Threshold,Non-Ref,81.43416446,31.13325031,81.23287671,94.24657534,73.12693678,5.400248411,83.9671236,0.18,0.0359,0.34,0.17,,0.004,,,
01S-23,44.202,-71.2378,2008,54.78804751,72,Below_Threshold,Ref,66.38108008,65.60859443,38.67809058,99.3880049,31.57014913,20.104964,61.78544944,0.03,4.00E-04,0.1,,,,,,
01T-MKB,43.69188,-72.27074,2013,66.96669799,61.75,Above_Threshold,Non-Ref,89.69802874,65.03525003,53.29949239,99.61928934,44.80527146,46.35898531,69.95056869,0.089,0.0101,0.015,0.086,,0.004,,,
01T-MKB,43.69188,-72.27074,2014,85.71242972,61.75,Above_Threshold,Non-Ref,120.0758255,107.0301694,88.59649123,99.64912281,78.44664515,63.16711621,70.12763263,0.165,0.006975,,0.165,0.22,0.004,,,
01T-MKB,43.69188,-72.27074,2015,69.61248419,61.75,Above_Threshold,Non-Ref,98.50786368,82.44692565,56.95266272,98.52071006,48.16292831,26.24233141,76.45396751,0.135,0.0139,0.1525,0.11,,0.004,,,
01T-MKB,43.69188,-72.27074,2016,84.48036969,61.75,Above_Threshold,Non-Ref,83.72093023,90.90909091,83.23699422,97.68786127,81.87806279,53.92964839,100,0.0555,0.006775,0.038,0.096,,0.004,,,
01T-MKB,43.69188,-72.27074,2017,61.47378765,61.75,Below_Threshold,Non-Ref,82.03210484,50.03898015,49.58353748,99.70602646,46.61314097,31.41898569,70.92373797,0.084,0.01078,0.08,0.065,,0.002,,,
01T-MKB,43.69188,-72.27074,2018,68.77642989,61.75,Above_Threshold,Non-Ref,92.88057555,53.2488426,62.59920635,99.8015873,54.00768482,32.72114803,86.17596461,0.12,0.00841,0.08,0.12,,0.002,,,
01T-SOP,42.9822339,-71.6823485,2013,66.60344372,59.66,Above_Threshold,Non-Ref,71.71894557,23.31002331,88.5,99.5,85.35940803,18.72536137,79.11036777,0.0355,0.01705,0.31,0.034,,0.004,2.14,,
01T-SOP,42.9822339,-71.6823485,2014,72.88780287,59.66,Above_Threshold,Non-Ref,76.9767254,38.33050544,91.69960474,99.01185771,89.41329835,30.90379312,83.87883537,0.1005,0.0178,,0.07,,0.004,,,
01T-SOP,42.9822339,-71.6823485,2015,64.71533188,59.66,Above_Threshold,Non-Ref,79.20954325,6.704210244,94.01408451,88.2629108,94.4178106,33.6226734,56.77609034,0.071,0.0116,0.27,0.061,,0.004,,,
01T-SOP,42.9822339,-71.6823485,2016,81.35302359,59.66,Above_Threshold,Non-Ref,79.71057874,67.53676241,98.55072464,98.55072464,98.04822747,40.62795584,86.44619138,0.064,0.01635,0.169,0.06,,0.004,,,
01T-SOP,42.9822339,-71.6823485,2017,69.94356053,59.66,Above_Threshold,Non-Ref,93.79323745,42.44823644,90.47619048,95.08692366,91.40607147,36.94863841,39.44562578,0.0835,0.0172,0.305,0.07,,0.002,,,
01T-SOP,42.9822339,-71.6823485,2018,63.41871692,59.66,Above_Threshold,Non-Ref,61.79366584,18.0953749,82.20551378,99.87468672,81.33441426,15.97291521,84.6544477,0.104,0.0199,0.36,0.1015,,0.002,,,
01X-OTB,42.971142,-72.214519,2013,84.83852834,64.5,Above_Threshold,Non-Ref,100.7191508,128.7887517,83.6492891,100,74.6470547,51.37914069,84.19421389,0.011,0.00937,0.015,0.011,,0.004,,,
01X-OTB,42.971142,-72.214519,2014,62.39363665,64.5,Below_Threshold,Non-Ref,61.99168868,71.63816289,55.04587156,100,48.73247086,11.75421042,87.59305211,0.011,0.00761,0.31,0.011,,0.004,,,
01X-OTB,42.971142,-72.214519,2015,70.47204772,64.5,Above_Threshold,Non-Ref,75.41079449,64.69350435,68.3908046,99.80842912,63.99196455,36.7534148,84.25542217,0.0355,0.00902,0.1575,0.057,,0.004,,,
01X-OTB,42.971142,-72.214519,2016,61.5010547,64.5,Below_Threshold,Non-Ref,86.78712492,22.72727273,64.52674897,98.43621399,56.29072813,48.56075231,53.17854189,0.098,0.0112,0.25,0.094,,0.004,,,
01X-OTB,42.971142,-72.214519,2017,60.81589086,64.5,Below_Threshold,Non-Ref,118.0674667,67.30768736,51.05008078,95.96122779,35.69147537,28.87111806,46.82964668,0.002,0.0107,0.185,0.003,,0.002,,,
01X-OTB,42.971142,-72.214519,2018,58.90018925,64.5,Below_Threshold,Non-Ref,83.73399889,21.44082333,59.01287554,99.78540773,57.39095718,19.73910542,71.19815668,0.078,0.01065,0.08,0.074,,0.002,,,
02-ASH,42.785895,-72.486461,2013,81.15874697,61.64,Above_Threshold,Non-Ref,94.31181519,86.3875985,94.27168576,99.67266776,85.29323225,35.05594973,73.11827957,0.087,0.0203,0.26,0.0465,,0.004,,,
02-ASH,42.785895,-72.486461,2014,74.08093475,61.64,Above_Threshold,Non-Ref,102.3255814,60.44014463,91.08280255,98.08917197,83.26488107,37.38515921,48.30438379,0.21,0.01575,0.31,0.19,0.34,0.004,,,
02-ASH,42.785895,-72.486461,2015,73.64040814,61.64,Above_Threshold,Non-Ref,108.0836732,65.06934328,86.0724234,96.10027855,82.88822016,43.92402608,41.42856553,0.19,0.0193,0.25,0.19,,0.004,,,
02-ASH,42.785895,-72.486461,2016,72.88269049,61.64,Above_Threshold,Non-Ref,84.82150195,32.01024328,93.7704918,99.45355191,90.45853118,53.28048369,56.38402961,0.255,0.0174,0.038,0.25,,0.004,,,
02-ASH,42.785895,-72.486461,2017,72.19095833,61.64,Above_Threshold,Non-Ref,77.488761,44.41610249,87.74834437,99.5584989,83.88987674,37.27522459,74.9599002,0.1,0.023,0.41,0.08,,0.002,,,
02-ASH,42.785895,-72.486461,2018,69.7893988,61.64,Above_Threshold,Non-Ref,71.11282958,28.21292179,91.84993532,99.61190168,89.16141772,15.46953437,93.10725117,0.2435,0.01625,0.08,0.2435,,0.002,,,
02-BBO,43.14523,-71.35522,2013,80.65739365,59.44,Above_Threshold,Non-Ref,123.3641228,90.04110382,82.85077951,98.21826281,67.33309162,56.19144895,69.96706884,0.068,0.0171,0.1625,0.0405,,0.004,,,
02-BBO,43.14523,-71.35522,2014,81.69879079,59.44,Above_Threshold,Non-Ref,107.610806,89.34117284,85.73936276,98.44915458,69.39172465,58.06102663,76.16018034,0.058,0.0163,0.36,0.011,,0.004,,,
02-BBO,43.14523,-71.35522,2015,74.57377508,59.44,Above_Threshold,Non-Ref,86.81256984,62.94256958,78.97534014,95.97789116,71.78003337,50.75781955,74.77020194,0.12,0.0217,0.39,0.15,,0.004,,,
02-BBO,43.14523,-71.35522,2016,78.489226,59.44,Above_Threshold,Non-Ref,94.93987269,58.95142572,85.75178912,98.98550725,79.55470169,50.79136381,84.00152258,0.084,0.0233,0.27,0.077,,0.004,,,
02-BBO,43.14523,-71.35522,2017,73.50127628,59.44,Above_Threshold,Non-Ref,110.8094165,80.69895053,79.23394688,94.95481427,58.61636577,45.77178123,64.00276511,0.12,0.0273,0.4,0.11,,0.002,,,
02-BBO,43.14523,-71.35522,2018,80.54629615,59.44,Above_Threshold,Non-Ref,103.6976077,78.56134795,82.85734132,98.20188148,74.1075934,67.26651068,64.35834048,0.0505,0.0245,0.37,0.0485,,0.002,,,
02-CHL,44.174057,-71.988749,2011,79.8785064,64.5,Above_Threshold,Non-Ref,124.2016291,136.9304898,80.10075567,98.48866499,62.04035552,61.89655001,56.62321858,0.12,0.0217,0.015,0.12,,0.005,,,
02-CKB,44.089375,-72.025041,2011,68.9413723,62.36,Above_Threshold,Non-Ref,111.056552,100.4273504,75.37058153,93.38654504,44.83861714,17.38095916,51.61290323,0.3,0.031,0.015,0.29,,0.005,,,
02-CLD,43.13213,-72.39039,2013,84.92362619,61.75,Above_Threshold,Non-Ref,115.2760636,118.2236705,89.69298246,99.12280702,68.38581655,58.21057242,79.05320486,0.1305,0.006005,0.015,0.072,,0.004,,,
02-CLD,43.13213,-72.39039,2014,79.63275632,61.75,Above_Threshold,Non-Ref,84.88820722,110.099941,81.14754098,99.86338798,73.36036692,28.0045669,90.16522423,0.16,0.00899,0.39,0.17,0.3,0.004,,,
02-CLD,43.13213,-72.39039,2015,63.12867326,61.75,Above_Threshold,Non-Ref,78.93016972,39.42600215,88,94.88888889,79.86845196,21.02496715,39.76223293,0.135,0.005955,0.015,0.17,,0.004,,,
02-CLD,43.13213,-72.39039,2016,79.58968199,61.75,Above_Threshold,Non-Ref,98.45037302,79.18569396,91.87358916,99.3227991,84.47114857,45.38402897,58.44014111,0.08,0.00715,0.038,0.077,,0.004,,,
02-CLD,43.13213,-72.39039,2017,71.51370908,61.75,Above_Threshold,Non-Ref,70.35254927,28.0859932,93.98868458,99.43422914,76.47774744,52.32079431,79.93596562,0.099,0.00956,0.08,0.095,,0.002,,,
02-CLD,43.13213,-72.39039,2018,62.38882455,61.75,Above_Threshold,Non-Ref,70.73812243,18.45788392,84.98694517,97.51958225,61.68614311,28.47702796,74.85606697,0.18,0.0135,0.08,0.18,,0.002,,,
02-CLY,43.2424,-72.4245,2012,66.65456613,61.75,Above_Threshold,Non-Ref,55.81395349,45.45454545,66.57842488,100,49.25122743,49.48381166,100,1.105,0.012,0.015,1.105,,0.005,,,
02-DNB,44.566306,-71.551227,2018,56.87554865,64.5,Below_Threshold,Ref,83.72093023,45.45454545,63.03258145,84.3358396,29.142624,24.70038434,67.74193548,0.089,0.0224,0.5,0.084,,0.002,,,
02-GMB,43.026387,-71.62908,2012,57.88796143,59.77,Below_Threshold,Non-Ref,46.51162791,22.72727273,76.69172932,100,36.56074648,22.72435359,100,0.14,0.0205,0.36,0.14,,0.005,,,
02-GNB,43.807535,-72.163561,2013,80.31688918,62.79,Above_Threshold,Ref,89.46739463,113.6363636,83.12101911,98.72611465,72.71649991,34.31622823,83.87096774,0.0345,0.006905,0.015,0.032,,0.004,,,
02-GNB,43.807535,-72.163561,2014,79.12790705,62.79,Above_Threshold,Ref,119.5927481,132.1315282,71.63120567,99.14893617,66.57370339,28.14512446,88.39637967,0.11,5.00E-04,,0.1,0.27,0.004,,,
02-GNB,43.807535,-72.163561,2015,60.82238062,62.79,Below_Threshold,Ref,94.0401974,74.78611369,61.99524941,96.19952494,56.49490541,21.84898605,20.39168743,0.16,0.00779,0.33,0.091,,0.004,,,
02-GNB,43.807535,-72.163561,2016,85.52388937,62.79,Above_Threshold,Ref,86.91238193,104.211288,97.65051395,98.53157122,99.03356896,38.39912319,78.14006636,0.081,0.00521,0.038,0.1,,0.004,,,
02-GNB,43.807535,-72.163561,2017,69.1292151,62.79,Above_Threshold,Ref,75.63233409,111.7835054,65.5511811,99.80314961,45.98724842,24.83263836,72.0979541,0.09,0.006805,0.08,0.003,,0.002,,,
02-GNB,43.807535,-72.163561,2018,66.20350284,62.79,Above_Threshold,Ref,101.484309,64.81208503,58.36120401,98.66220736,53.38443154,17.79914652,70.4054454,0.14,0.00624,0.08,0.14,,0.002,,,
02-HYW,43.281563,-71.561299,2017,51.22270846,61.26,Below_Threshold,Non-Ref,59.03918131,45.45424859,23.72479241,99.88137604,17.05376198,13.40559886,100,0.16,0.0343,0.46,0.16,,0.002,,,
02-INS,45.073965,-71.43528,2015,61.19168904,64.5,Below_Threshold,Ref,54.85786013,15.92437282,65.47619048,99.33035714,64.10135407,47.32181966,81.32986899,0.088,0.00819,0.25,,,,,,
02-ISR,44.48792,-71.56961,2013,74.65538589,64.5,Above_Threshold,Ref,83.76043413,61.20694536,88.93280632,98.55072464,89.69184445,20.77565924,79.66928707,0.0715,0.0134,0.015,0.059,,0.004,3.055,,
02-ISR,44.48792,-71.56961,2014,60.39520433,64.5,Below_Threshold,Ref,79.70200222,40.10695187,57.24770642,96.51376147,47.52022034,17.60117663,84.07461136,0.12,0.0108,,0.12,0.24,0.004,,,
02-ISR,44.48792,-71.56961,2015,54.45328477,64.5,Below_Threshold,Ref,85.66098434,27.34107997,60.47548291,89.15304606,52.14730672,10.54372424,55.85136917,0.0735,0.0138,0.1825,0.051,,0.004,,,
02-ISR,44.48792,-71.56961,2016,61.67428639,64.5,Below_Threshold,Ref,81.50857551,22.56495808,81.32780083,95.53941909,78.73290465,11.85925922,60.18708736,0.067,0.0131,0.038,0.063,,0.004,,,
02-ISR,44.48792,-71.56961,2017,69.40100879,64.5,Above_Threshold,Ref,74.83493099,41.76772794,87.85046729,98.69158879,66.38872972,24.80749629,91.4661205,0.0825,0.0116,0.08,0.065,,0.002,,,
02-ISR,44.48792,-71.56961,2018,70.18210752,64.5,Above_Threshold,Ref,78.55566445,22.47406675,91.70437406,98.03921569,88.80768115,11.69375058,100,0.087,0.0131,0.08,0.083,,0.002,,,
02-JHN,44.407378,-71.631755,2011,78.24962314,64.5,Above_Threshold,Non-Ref,99.95229603,85.38558939,85.94674556,96.30177515,70.68066102,31.49079769,77.98949715,0.23,0.0735,0.285,0.21,,0.005,,,
02-MNB,42.907497,-71.28812,2012,60.81691279,59,Above_Threshold,Non-Ref,55.81395349,22.72727273,83.33333333,99.52380952,84.0632236,12.5148614,67.74193548,0.084,0.02425,0.47,0.079,,0.005,,,
02-SHK,42.866826,-72.188227,2018,70.73190383,63.68,Above_Threshold,Non-Ref,91.08006326,87.77428863,81.06508876,96.44970414,42.74199265,39.91426209,56.09792727,0.002,0.0208,0.37,0.003,,0.002,,,
02-WIL,43.29209,-70.9708,2011,33.66728114,59,Below_Threshold,Non-Ref,60.46511628,22.72727273,38.8252149,69.62750716,5.90633462,2.635651326,35.48387097,0.47,0.042,0.38,0.47,,0.005,,,
02E-NSR,43.41573,-72.18037,2013,57.50936891,64.5,Below_Threshold,Non-Ref,70.35092018,29.51593861,65.10695187,99.73262032,61.616036,12.64871018,63.5944052,0.011,0.0123,0.1625,0.011,,0.004,1.425,,
02E-NSR,43.41573,-72.18037,2014,62.86191272,64.5,Below_Threshold,Non-Ref,66.29326241,19.62308018,82.55902513,99.69535415,81.23352586,11.10896493,79.52017636,0.055,0.0103,0.31,0.052,,0.004,,,
02E-NSR,43.41573,-72.18037,2015,72.66666534,64.5,Above_Threshold,Non-Ref,69.40488771,43.75547929,92.86871961,100,89.77491168,35.99290365,76.86975547,0.0605,0.009475,0.315,0.057,,0.004,,,
02E-NSR,43.41573,-72.18037,2016,77.27179485,64.5,Above_Threshold,Non-Ref,90.52431971,39.81177649,90.1660281,99.23371648,83.56756552,70.15035335,67.4488043,0.0375,0.00997,0.164,0.06,,0.004,,,
02E-NSR,43.41573,-72.18037,2017,82.07523445,64.5,Above_Threshold,Non-Ref,70.78841653,70.97267059,93.49693252,100,90.66265451,59.0117943,89.59417274,0.064,0.01235,0.08,0.05,,0.002,,,
02E-NSR,43.41573,-72.18037,2018,71.39087278,64.5,Above_Threshold,Non-Ref,74.37570554,22.72727273,97.05882353,99.70588235,86.12112921,65.31653397,54.43076214,0.065,0.01194,0.08,0.0605,,0.002,,,
02H-PBD,44.359787,-71.185503,2010,64.16775284,68.25,Below_Threshold,Ref,73.28932585,67.9980397,50.33112583,98.67549669,45.03684621,45.25241274,68.5910229,0.065,7.00E-04,0.07,0.063,,0.005,,,
02H-PBD,44.359787,-71.185503,2014,72.7183901,68.25,Above_Threshold,Ref,52.5376881,76.18022044,80.72727273,100,82.90089051,32.81169116,83.87096774,0.0865,5.00E-04,,0.0855,,0.004,,,
03-AMM,44.154745,-71.981903,2013,56.2645468,62.46,Below_Threshold,Non-Ref,78.28701267,42.61363636,100,100,0,0,72.95117856,0.054,0.008835,0.015,0.052,,0.004,,,
03-AMM,44.154745,-71.981903,2014,74.73961251,62.46,Above_Threshold,Non-Ref,62.8699583,46.19614726,92.2513089,99.89528796,69.4021673,52.56241787,100,0.1065,0.0111,0.83,0.068,0.27,0.004,,,
03-AMM,44.154745,-71.981903,2015,67.84252722,62.46,Above_Threshold,Non-Ref,84.93780174,32.69767481,78.42069435,99.72770592,64.04379732,36.94397308,78.12604331,0.011,0.0161,0.27,0.058,,0.004,0.8,,
03-AMM,44.154745,-71.981903,2016,67.01607675,62.46,Above_Threshold,Non-Ref,74.5833617,44.91752445,75.7864633,98.18875119,65.0977373,46.09859337,64.44010595,0.0305,0.01595,0.164,0.011,,0.004,,,
03-AMM,44.154745,-71.981903,2018,66.68611755,62.46,Above_Threshold,Non-Ref,68.30958835,17.0740064,81.67379352,100,75.74573712,39.89542102,84.10427647,0.089,0.009335,0.08,0.0865,,0.002,,,
03-AMY,43.192231,-71.821194,2018,68.66898396,61.7,Above_Threshold,Ref,128.3071079,67.75541179,71.94092827,99.05063291,45.82920759,38.9505259,57.15618123,0.12,0.0152,0.27,0.11,,0.002,,,
03-BMB,43.154466,-72.403736,2012,35.02311642,61.75,Below_Threshold,Non-Ref,13.95348837,0,23.07692308,100,8.13140348,0,100,0.7,0.0875,0.66,0.69,,0.005,,,
03-BRT,43.357107,-71.602709,2013,76.01399614,61.75,Above_Threshold,Non-Ref,51.1627907,68.18181818,98.33333333,100,96.89922481,17.52080596,100,0.0325,0.0112,0.265,,,,,,
03-HAM,44.214459,-71.751172,2014,78.39695875,64.5,Above_Threshold,Ref,86.87389319,111.6373773,76.35726795,99.82486865,72.38515567,28.99678044,84.34074538,0.089,0.00836,,0.112,,0.004,0.7,,
03-MLN,42.740937,-71.963803,2013,59.43196762,64.48,Below_Threshold,Non-Ref,65.11627907,22.72727273,87.86407767,97.57281553,76.45887641,14.67154868,51.61290323,0.011,0.0284,0.4,,,,,,
03-PIS,43.068981,-70.961932,2017,53.30618516,59,Below_Threshold,Non-Ref,80.39088254,45.13344907,71.92513369,66.84491979,31.93858747,25.29742037,51.61290323,0.11,0.0371,0.55,0.093,,0.002,,,
03-SSR,43.326348,-72.174182,2018,74.01342727,64.5,Above_Threshold,Non-Ref,94.89453874,48.39467375,77.69718948,99.45602901,67.66094392,47.05837502,82.932241,0.25,0.0082,0.08,0.25,,0.002,,,
03-SWF,43.998707,-71.226876,2010,53.54102786,64.5,Below_Threshold,Ref,69.88832701,56.20740993,49.32735426,95.73991031,33.18196039,24.15985575,46.28237737,0.081,7.00E-04,0.07,0.08,,0.005,,,
03M-01,42.85176,-71.548449,2003,55.58584304,59,Below_Threshold,Non-Ref,48.64778504,22.72727273,97.94520548,87.67123288,12.30849431,19.80091084,100,,0.076,,,,,,,
03M-03,42.85176,-71.548449,2003,51.52330935,59,Below_Threshold,Non-Ref,46.44215182,22.72727227,100,95.20547945,10.86043616,12.60057963,72.8272461,,0.076,,,,,,,
03P-JHN,44.375767,-71.620975,2014,75.2470311,64.5,Above_Threshold,Non-Ref,77.41174559,54.35535722,81.80873181,98.02494802,78.67682286,40.15943569,96.29217649,0.084,0.0737,0.61,0.08,,0.004,3.43,,
03T-JHN,44.374967,-71.61986,2014,66.15110393,64.5,Above_Threshold,Non-Ref,63.45251697,48.6329245,65.89087148,99.66382208,65.85238241,24.8064165,94.75879354,0.0685,0.04905,0.52,0.0455,,0.004,2.925,,
04-COB,43.830623,-71.032876,2018,81.49006508,67.1,Above_Threshold,Ref,89.12211875,90.90909091,82.35294118,100,68.87777066,55.29756631,83.87096774,0.065,0.0155,0.08,0.062,,0.002,,,
04-FHC,43.21148,-70.8491,2011,52.05966191,59,Below_Threshold,Non-Ref,114.4241903,21.2404418,61.59292035,89.38053097,46.39937136,11.62885351,34.1755154,0.16,0.053,0.27,0.16,,0.005,,,
04-GTK,42.81827,-71.649835,2012,50.54215401,59,Below_Threshold,Non-Ref,58.45826472,0,84.53689168,97.566719,57.5836124,16.70940286,38.94018739,0.082,0.029,0.4,0.074,,0.005,,,
04-MWB,42.915061,-72.236787,2016,68.36134898,63.56,Above_Threshold,Non-Ref,107.8302386,59.49423184,87.18592965,96.98492462,83.66356093,30.37526661,20.82552923,0.25,0.0139,0.3,0.25,,0.004,,,
04-PFB,43.555392,-71.363936,2013,70.92126831,65.18,Above_Threshold,Non-Ref,106.0638485,89.57219251,79.78142077,95.6284153,69.02806178,43.08394907,19.35483871,0.011,0.0105,0.015,,,,,,
04-SBB,44.683612,-71.53481,2013,89.22459484,66.08,Above_Threshold,Non-Ref,93.19294922,122.644255,98.1042654,100,99.36241062,50.02978952,83.88274912,0.082,0.009445,0.015,0.0795,,0.004,,,
04-SBB,44.683612,-71.53481,2014,93.06765503,66.08,Above_Threshold,Non-Ref,89.83083882,123.7680647,96.05988968,100,84.05013353,95.68099707,85.85172609,0.1695,0.00658,,0.011,,0.004,,,
04-SBB,44.683612,-71.53481,2015,73.62796324,66.08,Above_Threshold,Non-Ref,69.5786254,54.93788432,88.94601542,99.22879177,72.14791546,48.30607812,82.2504322,0.115,0.009125,0.1475,0.12,,0.004,,,
04-SBB,44.683612,-71.53481,2016,79.15947502,66.08,Above_Threshold,Non-Ref,67.39000531,61.83098687,99.14821124,99.6592845,102.2866836,51.48788803,74.5999492,0.1135,0.00944,0.038,0.1105,,0.004,,,
04-SBB,44.683612,-71.53481,2017,78.41306861,66.08,Above_Threshold,Non-Ref,72.90082671,62.08243854,91.1131899,99.62581852,91.56766613,44.86735857,86.73418187,0.082,0.0103,0.08,0.079,,0.002,,,
04-SBB,44.683612,-71.53481,2018,89.46898966,66.08,Above_Threshold,Non-Ref,109.8216982,89.78516724,95.83333333,99.34895833,92.76999648,63.90645532,84.6390169,0.0835,0.008955,0.165,0.081,,0.002,,,
04-SNY,43.851458,-71.091383,2016,63.08622867,65.77,Below_Threshold,Ref,75.35435504,37.56574005,73.68421053,98.76819709,25.80559626,58.12473421,72.3007675,0.011,0.0246,0.038,0.011,,0.004,,,
04-TKR,43.169395,-71.533356,2017,67.05177885,60.38,Above_Threshold,Non-Ref,92.89782153,65.06934328,80.68669528,78.39771102,66.99392367,29.5146624,55.80229477,0.18,0.0357,0.49,0.17,,0.002,,,
05-ACA,43.365527,-71.437697,2011,71.16091614,61.36,Above_Threshold,Non-Ref,103.1987203,81.17046129,74.96062992,95.7480315,63.09200779,43.25017848,39.90510399,0.002,0.023,0.36,0.003,,0.005,,,
05-BLB,43.11183,-72.3999,2011,74.06953431,61.75,Above_Threshold,Non-Ref,113.8301811,103.2741197,70.91412742,91.41274238,53.58617418,50.96079295,51.61290323,0.11,0.0073,0.015,0.11,,0.005,,,
05-BLD,43.56056,-72.262031,2010,64.05577113,64.5,Below_Threshold,Non-Ref,74.41860465,45.45454545,87.42857143,64.57142857,90.00302024,18.7722921,67.74193548,0.17,0.0285,0.07,0.19,,0.005,,,
05-BLD,43.56056,-72.262031,2011,65.57892795,64.5,Above_Threshold,Non-Ref,75.68322998,78.49546132,41.12903226,99.7311828,40.91932074,39.20986817,83.88440035,0.16,0.019,0.015,0.155,,0.005,,,
05-BLD,43.56056,-72.262031,2012,62.04022985,64.5,Below_Threshold,Non-Ref,43.97463,0,89.38547486,99.72067039,83.56266314,32.30092718,85.3372434,0.23,0.031,0.015,0.22,,0.005,,,
05-NWL,44.68702,-71.2262,2013,93.29549161,72,Above_Threshold,Ref,96.70655749,158.9144147,94.33399602,100,78.07278948,102.6691363,83.95509831,0.0365,0.0127,0.1825,0.0335,,0.004,,,
05-NWL,44.68702,-71.2262,2014,91.27225388,72,Above_Threshold,Ref,106.9767442,113.6363636,94.68085106,98.93617021,77.59435023,99.95247015,67.74193548,0.088,0.0094,0.29,0.011,,0.004,,,
05-NWL,44.68702,-71.2262,2015,88.52713346,72,Above_Threshold,Ref,93.02325581,113.6363636,85.19855596,99.27797834,62.96700529,79.22313885,100,0.1135,0.01225,0.1625,0.24,,0.004,,,
05-NWL,44.68702,-71.2262,2016,66.72957706,72,Below_Threshold,Ref,59.35769647,22.72727273,81.65137615,99.3883792,62.39049337,41.59182148,100,0.18,0.00918,0.038,0.18,,0.004,,,
05-NWL,44.68702,-71.2262,2017,86.11162489,72,Above_Threshold,Ref,88.37209302,136.3636364,95.43378995,100,61.30112852,73.80339496,83.87096774,0.0775,0.01105,0.08,0.073,,0.002,,,
05-NWL,44.68702,-71.2262,2018,85.29778885,72,Above_Threshold,Ref,93.02325581,113.6363636,94.06779661,98.30508475,55.98953668,71.82788035,83.87096774,0.1005,0.009005,0.185,0.099,,0.002,,,
05-OVB,44.028235,-71.979341,2013,79.0131103,64.5,Above_Threshold,Non-Ref,121.075811,109.9258281,82.33670653,98.25206992,62.91925913,49.56437748,60.01935905,0.0725,0.01238,,,,,,,
05-SMS,44.868168,-71.503934,2013,84.70908293,72,Above_Threshold,Non-Ref,97.45066534,93.1032239,87.09677419,99.35483871,86.4761645,43.91505235,85.56686151,0.0855,0.00643,0.1425,0.0805,,0.004,,,
05-SMS,44.868168,-71.503934,2016,80.23202479,72,Above_Threshold,Non-Ref,113.3349859,75.77621689,91.38943249,98.8258317,90.8139328,34.97303733,69.84572231,0.0895,0.00691,0.038,0.0855,,0.004,,,
05-SMS,44.868168,-71.503934,2017,83.06033239,72,Above_Threshold,Non-Ref,90.56735372,78.69611478,93.64864865,99.86486486,93.06611051,34.18332919,91.39590503,0.072,0.00914,0.08,0.068,,0.002,,,
05-SMS,44.868168,-71.503934,2018,71.36765845,72,Below_Threshold,Non-Ref,74.1989397,35.52508624,89.65835642,100,89.99353842,30.57647577,79.62121258,0.103,0.00977,0.08,0.1015,,0.002,,,
05-SOP,42.9431,-71.7283,2010,72.55793459,60.87,Above_Threshold,Non-Ref,75.36189166,39.49194638,78.26086957,99.58592133,76.38132006,65.83905344,72.98453967,0.06,0.017,0.07,0.0355,,0.0045,,,
05-STI,43.812986,-71.809362,2017,89.28555072,64.5,Above_Threshold,Non-Ref,87.38909171,138.9203498,88.47402597,98.37662338,85.11572994,77.8623479,87.78103617,0.054,0.00536,0.08,0.003,,0.002,,,
05-UAM,44.625283,-71.469672,2014,74.95265394,64.5,Above_Threshold,Non-Ref,83.08150239,85.36222167,71.69811321,99.82847341,71.07655598,28.17453788,85.44717307,0.094,0.0101,0.72,0.091,,0.004,,,
05M-300,44.053147,-71.647829,2005,70.11698462,68.25,Above_Threshold,Ref,74.41860465,68.18181818,68.49315068,95.89041096,62.9905297,53.10244271,67.74193548,,0.005,,,,,,0.05,
05M-301,44.051413,-71.624409,2005,69.42913013,72,Below_Threshold,Not_Eval,109.8997095,123.8828609,55.20361991,90.27149321,36.59131566,52.32457888,51.61290323,,0.006,,,,,,0.05,
05M-302,44.05153,-71.64059,2005,78.79018167,72,Above_Threshold,Non-Ref,73.41135153,86.10450077,77.01612903,94.75806452,54.98533724,90.07672417,75.17916442,,0.005,,,,,,0.05,
05M-303,44.045905,-71.652302,2005,55.37431731,69.53,Below_Threshold,Not_Eval,75.07166335,45.33557831,38.52459016,89.3442623,19.92860361,35.54425799,83.87126547,,0.024,,,,,,0.05,
05M-304,44.047697,-71.61933,2005,69.14632786,72,Below_Threshold,Not_Eval,97.84607806,114.5162478,54.94027422,91.71825704,37.24444821,55.20099451,56.55376686,,0.007,,,,,,0.05,
05P-402,43.368981,-71.03851,2005,57.32854414,59.72,Below_Threshold,Non-Ref,57.57385292,42.997543,77.27272727,75.13368984,36.7435077,54.4597244,57.11876385,,0.026,0.4,,,,,0.05,
05P-406,43.388341,-71.069157,2005,55.68297401,59.99,Below_Threshold,Non-Ref,44.46748379,22.72727141,86.71875,100,25.60121564,10.26609724,100,,0.0185,0.4,,,,,0.05,
06-EBS,44.121906,-71.130312,2013,84.33411026,68.25,Above_Threshold,Non-Ref,79.06976744,181.8181818,87.45980707,99.35691318,67.97957893,88.73076972,67.74193548,0.011,0.002985,,0.011,,0.004,,,
06-EBS,44.121906,-71.130312,2014,82.90561406,68.25,Above_Threshold,Non-Ref,82.4374306,178.2707534,80.0804829,100,77.63281592,40.188569,100,0.011,0.002875,,0.011,,0.004,,,
06-EBS,44.121906,-71.130312,2015,69.51233139,68.25,Above_Threshold,Non-Ref,55.22356253,65.31592819,83.24496288,99.89395546,83.84917014,23.13192303,75.92681753,0.011,0.006835,0.015,0.011,,0.004,,,
06-EBS,44.121906,-71.130312,2016,62.07756203,68.25,Below_Threshold,Non-Ref,86.93554924,44.58041958,74.97048406,100,48.673218,27.15000923,52.23325413,0.011,0.001,0.038,0.011,,0.004,,,
06-EBS,44.121906,-71.130312,2017,88.0613822,68.25,Above_Threshold,Non-Ref,86.28809967,123.1856379,94.90616622,99.46380697,84.16983602,64.82228477,86.77948176,0.002,0.00064,0.08,0.003,,0.002,,,
06-EBS,44.121906,-71.130312,2018,68.23038232,68.25,Below_Threshold,Non-Ref,55.00663295,58.94537276,74.7826087,100,72.87959765,31.34156594,84.65689827,0.002,0.0081,0.08,0.003,,0.002,,,
06-HEW,43.773534,-72.183565,2015,69.10529189,64.5,Above_Threshold,Non-Ref,91.24840622,68.73742616,53.15533981,98.78640777,46.43978735,41.46307235,83.90660357,0.13,0.00752,0.015,0.099,,0.004,,,
06-PFB,43.54959,-71.359506,2013,72.53058073,65.1,Above_Threshold,Non-Ref,81.81339783,44.57483786,72.75747508,98.96640827,65.32137414,71.35411285,72.92645905,0.011,0.0106,0.1325,,,,,,
06-SBR,43.818757,-71.930494,2013,57.70796088,64.5,Below_Threshold,Non-Ref,70.4927427,55.86883126,100,100,0,0,77.59415223,0.011,0.00833,0.1525,0.011,,0.004,,,
06-SBR,43.818757,-71.930494,2014,77.3656168,64.5,Above_Threshold,Non-Ref,81.28639759,56.30171086,91.54228856,99.66832504,87.12603298,39.66152592,85.97303662,0.081,0.0064,,0.074,,0.004,,,
06-SBR,43.818757,-71.930494,2015,74.88516518,64.5,Above_Threshold,Non-Ref,79.06976744,68.18181818,89.78494624,97.31182796,85.24858487,52.98630834,51.61290323,0.0985,0.00934,0.1475,0.095,,0.004,,,
06-SBR,43.818757,-71.930494,2016,87.94205935,64.5,Above_Threshold,Non-Ref,116.2790698,113.6363636,97.98994975,100,89.77232887,60.09020134,67.74193548,0.011,0.0168,0.395,0.011,,0.004,,,
06-SBR,43.818757,-71.930494,2017,77.10112483,64.5,Above_Threshold,Non-Ref,75.22677116,45.45454545,91.08146067,99.71910112,85.66524931,58.68977838,83.87096774,0.0845,0.00721,0.08,0.063,,0.002,,,
06-SBR,43.818757,-71.930494,2018,74.68601338,64.5,Above_Threshold,Non-Ref,85.8747906,57.78120185,80.16344725,100,76.17904746,55.06167102,67.74193548,0.0635,0.008825,0.08,0.061,,0.002,,,
06A-BVR,42.7742,-71.35,2012,59.94765434,59,Above_Threshold,Non-Ref,70.71898577,22.72727273,77.27272727,97.84688995,67.26888334,16.03279492,67.7660264,0.27,0.017,0.4,0.27,,0.005,,,
06c-101,43.174452,-72.33519,2006,40.30736087,64.5,Below_Threshold,Non-Ref,46.32269062,37.3577195,22.37330037,91.223733,8.754576553,10.07067339,66.04883265,0.48,0.042,0.34,0.51,,,2.66,0.11,0.0325
06c-17,43.69083,-72.26794,2011,64.28466778,63.35,Above_Threshold,Non-Ref,80.81140769,90.90909091,40.17699115,97.52212389,33.67696309,23.02512995,83.87096774,0.087,0.00765,0.015,0.086,,0.005,,,
06M-101,42.8912,-71.3113,2006,49.61836374,59,Below_Threshold,Non-Ref,76.0080868,0,72.19387755,98.46938776,59.326056,2.681756014,38.64938203,0.15,0.016,0.4,,,,4.69,,
06m-102,43.376436,-71.666863,2006,73.5607421,61.75,Above_Threshold,Non-Ref,98.62167814,64.0058059,76.81498829,97.89227166,72.04004535,35.69812923,69.85227615,,0.013,0.3,,,,10.93,,
06m-103,42.7828,-71.6036,2006,69.6242741,59,Above_Threshold,Non-Ref,79.06976744,31.96459849,76.47058824,99.11764706,75.03212702,57.97325501,67.74193548,0.23,0.016,0.37,,,,2.32,0.05,
06m-104,42.899787,-71.93693,2006,67.08433798,62.9,Above_Threshold,Non-Ref,96.17090117,45.37129537,83.26612903,97.17741935,73.74002592,25.69835954,48.16623547,0.22,0.03,0.31,,,,,,0.011
06m-105,43.255144,-71.454679,2006,60.78715793,60.65,Above_Threshold,Non-Ref,59.8448391,39.18205758,67.10439921,100,67.32567163,7.765294827,84.28784315,0.24,0.019,0.3,,,,1.78,,
06m-11,43.26778,-71.9674,2008,73.84607938,64.5,Above_Threshold,Non-Ref,83.33498711,70.372298,65.64996369,99.78213508,57.49852991,53.82208366,86.46255822,0.12,0.012,0.33,,,,,,0.005
06p-101,42.9843,-71.0398,2006,51.49714169,59,Below_Threshold,Non-Ref,104.0456071,21.74649251,56.81293303,98.26789838,54.19683705,9.104344897,20.35148597,0.12,0.029,0.4,,,,1.45,0.05,
06p-102,43.07088,-70.774118,2006,55.37592139,59,Below_Threshold,Non-Ref,38.21755287,0,98.94957983,95.79831933,100.82257,0,54.6659977,0.295,0.053,0.6,,,,3.44,0.1,0.01
06P-SBA,42.861633,-72.204996,2011,79.40588158,63.73,Above_Threshold,Non-Ref,74.41860465,68.18181818,91.80327869,99.72677596,87.36815351,66.60060461,67.74193548,0.0855,0.037,0.31,0.0785,,0.005,,,
06s-101,43.9078,-71.2896,2006,65.97374544,68.25,Below_Threshold,Ref,83.72093023,68.18181818,50.89605735,98.2078853,30.31060796,46.62795134,83.87096774,0.1,0.0075,,,,,0.33,,
06s-101,43.9078,-71.2896,2012,65.4253848,68.25,Below_Threshold,Ref,32.55813953,22.72727273,73.68421053,100,66.76310226,62.24496853,100,,5.00E-04,0.015,,,,,,
07-BLM,43.174438,-70.91779,2013,47.79227207,59,Below_Threshold,Non-Ref,115.2419259,20.47502048,90.8839779,61.41804788,54.50885574,7.260002468,-23.67647538,0.083,0.0197,0.31,0.0415,,0.004,,,
07-BLM,43.174438,-70.91779,2014,49.90542944,59,Below_Threshold,Non-Ref,114.848879,22.66601323,79.95337995,76.45687646,39.1785804,11.63969627,19.44345978,0.095,0.0191,0.32,0.011,,0.004,,,
07-BLM,43.174438,-70.91779,2015,48.50188683,59,Below_Threshold,Non-Ref,104.432776,36.07162795,85.73281453,66.79636835,34.55055487,16.36184214,-4.653411654,0.099,0.02305,0.315,0.15,,0.004,,,
07-BLM,43.174438,-70.91779,2016,55.57310551,59,Below_Threshold,Non-Ref,69.76744186,0,89.71962617,92.99065421,47.91448499,20.87759588,67.74193548,0.145,0.02935,0.305,0.14,,0.004,,,
07-BLM,43.174438,-70.91779,2017,40.89747413,59,Below_Threshold,Non-Ref,53.20891575,18.78287002,19.0023753,97.86223278,8.285919461,8.115337676,81.02466793,0.1045,0.0222,0.39,0.095,,0.002,,,
07-BLM,43.174438,-70.91779,2018,42.52298991,59,Below_Threshold,Non-Ref,76.75743187,0,76.08695652,75.25083612,27.57606398,3.296138244,38.69350262,0.0635,0.0259,0.365,0.06,,0.002,,,
07-BWB,42.9664,-71.5051,2012,62.45124909,59,Above_Threshold,Non-Ref,37.20930233,22.72727273,81.40703518,100,83.92915954,11.88597389,100,0.44,0.031,0.45,0.44,,0.005,,,
07-FLT,42.726617,-71.556219,2013,63.59537191,59,Above_Threshold,Non-Ref,68.37745482,40.64489907,65.67164179,99.75124378,64.95009098,21.90100745,83.87126547,0.705,0.014565,0.3,0.38,,0.004,1.56,,
07-FLT,42.726617,-71.556219,2014,46.11239088,59,Below_Threshold,Non-Ref,74.41860465,22.72727273,31.5270936,94.58128079,13.0182568,18.7722921,67.74193548,1.1,0.00857,0.48,1.3,,0.004,12.09,,
07-FLT,42.726617,-71.556219,2015,50.57771638,59,Below_Threshold,Non-Ref,60.46511628,22.72727273,59.43396226,89.62264151,47.86788464,22.314234,51.61290323,0.87,0.0144,0.015,1.1,,0.004,3.79,,
07-FLT,42.726617,-71.556219,2016,49.90615955,59,Below_Threshold,Non-Ref,64.83997237,22.72727273,82.39740821,64.68682505,34.87458847,27.88476002,51.93229,1.7,0.006135,0.038,1.7,,0.004,,,
07-FLT,42.726617,-71.556219,2017,59.73260346,59,Above_Threshold,Non-Ref,97.6744186,68.18181818,74.32432432,74.77477477,38.09306135,29.59595601,35.48387097,1.1,0.009305,0.08,0.96,,0.002,,,
07-FLT,42.726617,-71.556219,2018,52.59497816,59,Below_Threshold,Non-Ref,74.41860465,22.72727273,63.13253012,76.62650602,34.38701954,29.13097858,67.74193548,0.83,0.018295,0.08,0.825,,0.002,,,
07M-203,42.859785,-71.492978,2013,40.29799464,59,Below_Threshold,Non-Ref,52.50643802,13.44809037,52.37020316,86.23024831,31.25909735,6.229180447,40.0427048,0.3,0.03485,0.34,0.2175,,0.004,1.97,,
07M-205,42.861841,-71.491807,2013,29.52078686,59,Below_Threshold,Non-Ref,30.17754123,0,88.33333333,15.20833333,3.083157153,0.547525186,69.29561782,0.3,0.03485,0.34,0.2175,,0.004,1.97,,
07p-17,43.1471,-70.9655,2007,69.49675589,59,Above_Threshold,Non-Ref,66.27835621,70.0613604,84.43804035,99.13544669,82.47984841,14.48496026,69.59927894,,,,0.09,,,,,0.005
07R-SNO,43.9136,-71.053501,2017,87.3118846,68.25,Above_Threshold,Non-Ref,103.2593457,116.4009941,87.48180495,98.98107715,77.85789242,46.86241768,100,0.051,0.01125,0.18,0.003,,0.002,,,
07T-ISG,43.23822,-71.07663,2013,41.6465249,59,Below_Threshold,Non-Ref,91.52567427,0,100,100,0,0,-63.08525351,0.011,0.0194,0.33,0.011,,0.004,,,
07T-ISG,43.23822,-71.07663,2014,52.94449845,59,Below_Threshold,Non-Ref,96.69797665,26.89618074,77.85923754,77.27272727,65.87390649,26.01146046,-20.79861606,0.036,0.02165,0.34,0.034,,0.004,,,
07T-ISG,43.23822,-71.07663,2015,52.01874049,59,Below_Threshold,Non-Ref,79.06976744,22.72727273,89.83050847,96.61016949,62.70828108,12.91788236,0.267301856,0.0355,0.0206,0.505,0.092,,0.004,,,
07T-ISG,43.23822,-71.07663,2016,48.34956035,59,Below_Threshold,Non-Ref,100.0081811,0,92.33802817,74.98591549,52.46702201,18.65595677,-37.71758719,0.011,0.024,0.345,0.011,,0.004,,,
07T-ISG,43.23822,-71.07663,2017,49.18509278,59,Below_Threshold,Non-Ref,104.6964137,16.00512164,77.734375,79.4921875,41.2922833,29.771682,-56.86458982,0.0265,0.0195,0.45,0.003,,0.002,,,
07T-ISG,43.23822,-71.07663,2018,53.30106766,59,Below_Threshold,Non-Ref,77.23930815,45.45454545,84.58536585,77.07317073,81.57582633,7.179257075,-9.6943666,0.002,0.0244,0.22,0.003,,0.002,,,
07X-SNK,43.278097,-71.348835,2010,54.37935881,60.38,Below_Threshold,Non-Ref,87.91589893,27.88622421,56.01503759,93.79699248,48.28402931,23.71236896,43.04496016,0.005,0.065,0.26,0.007,,0.005,,,
08-BCK,42.9573,-72.3289,2012,43.56625088,62.9,Below_Threshold,Non-Ref,55.81395349,22.72727273,33.5078534,94.2408377,19.92406717,11.0078362,67.74193548,0.485,0.022,0.515,0.475,,0.005,,,
08-SHG,42.829475,-71.60945,2012,62.90423701,59,Above_Threshold,Non-Ref,70.25293796,22.00866567,85.30201342,99.79865772,60.87092243,21.9598021,80.13665978,0.36,0.0605,0.32,0.35,,0.005,,,
08C-01,42.9208,-72.276,2008,46.80290283,62.08,Below_Threshold,Non-Ref,55.81395349,0,62.03389831,88.47457627,50.88329093,2.672665315,67.74193548,0.079,0.024,0.37,,,,,,0.0044
08m-07,43.0104,-71.4781,2008,53.01979882,59,Below_Threshold,Non-Ref,79.06976744,22.72727273,78.94736842,92.39766082,74.7994016,3.842282008,19.35483871,,0.021,,,,,,,
08M-09,43.008397,-71.481786,2008,63.33646694,59,Above_Threshold,Non-Ref,51.1627907,64.03694998,85.15037594,97.7443609,86.23567375,5.187080711,53.83803658,,0.02,,,,,,,
09-CTC,43.222952,-71.714055,2013,60.35383564,61.48,Below_Threshold,Non-Ref,43.96489328,4.39102072,93.02158273,99.35251799,94.68112614,7.310839896,79.75486874,0.068,0.0236,0.33,,,,,,
09-OYS,43.14828,-70.96567,2013,44.69816914,59,Below_Threshold,Non-Ref,37.9272838,0,100,100,0,0,74.9599002,0.0455,0.0294,0.405,0.041,,0.004,,,
09-OYS,43.14828,-70.96567,2014,59.2262029,59,Above_Threshold,Non-Ref,62.42629121,22.6171371,80.4964539,95.39007092,81.7177215,4.193809937,67.74193572,0.13,0.0346,0.47,0.089,,0.004,,,
09-OYS,43.14828,-70.96567,2015,58.53470092,59,Below_Threshold,Non-Ref,76.66199644,41.81472771,79.57639939,96.5204236,78.36163414,6.759161148,30.04856399,0.0805,0.04145,0.605,0.11,,0.004,,,
09-OYS,43.14828,-70.96567,2016,47.41238354,59,Below_Threshold,Non-Ref,52.11922278,0,77.99736495,91.17259552,44.01028392,27.52774849,39.05946908,0.088,0.04365,0.525,0.0805,,0.004,,,
09-OYS,43.14828,-70.96567,2017,38.23623677,59,Below_Threshold,Non-Ref,52.67539477,0,51.4739229,93.19727891,26.367136,6.555403589,37.38452125,0.115,0.03935,0.47,0.086,,0.002,,,
09-OYS,43.14828,-70.96567,2018,45.54997907,59,Below_Threshold,Non-Ref,68.20640078,0,71.58415842,90.2970297,40.50405041,12.75028948,35.5079247,0.068,0.04655,0.47,0.0635,,0.002,,,
09-SAC,44.102287,-71.178485,2013,67.72194508,63.68,Above_Threshold,Ref,58.89491678,42.4808836,80.53097345,100,64.07977698,44.18964334,83.87742138,0.0945,5.00E-04,,,,,,,
10-BBB,43.128251,-71.500986,2017,63.00166216,59.94,Above_Threshold,Non-Ref,62.47154222,28.40909091,89.76958525,100,83.00776493,22.28452739,55.06912442,0.002,0.015,0.26,0.003,,0.002,,,
10-BMD,43.510441,-72.280467,2011,43.77863411,64.5,Below_Threshold,Non-Ref,41.86046512,45.45454545,54.02843602,59.71563981,6.262336804,15.25804784,83.87096774,0.16,0.0165,0.015,0.16,,0.005,,,
10-HAS,45.09951,-71.45603,2017,65.12544895,71.4,Below_Threshold,Ref,81.47176819,44.33066933,64.82861401,100,54.35073712,27.02538624,83.87096777,0.0965,0.007,0.08,0.0955,,0.002,,,
10-WNR,43.267502,-71.918803,2013,60.57780706,64.5,Below_Threshold,Non-Ref,41.71825111,5.694802935,93.30329715,99.97952079,97.39532979,5.166897518,80.7865501,0.0335,0.010945,0.015,0.0755,,0.004,,,
10-WNR,43.267502,-71.918803,2014,68.26162854,64.5,Above_Threshold,Non-Ref,50.2371444,25.41356993,89.94974874,100,93.22511075,28.17416033,90.8316656,0.0455,0.0115,0.34,0.083,,0.004,,,
10-WNR,43.267502,-71.918803,2015,60.91108647,64.5,Below_Threshold,Non-Ref,90.02809658,19.42501943,76.92307692,95.49071618,76.12676017,27.88457181,40.49936418,0.0635,0.0113,0.015,0.065,,0.004,,,
10-WNR,43.267502,-71.918803,2016,61.9517193,64.5,Below_Threshold,Non-Ref,83.42851318,17.89549034,68.03652968,99.31506849,66.85201811,46.2021253,51.93229,0.0375,0.0115,0.164,0.0365,,0.004,,,
10-WNR,43.267502,-71.918803,2017,47.28272318,64.5,Below_Threshold,Non-Ref,88.44968341,0,77.9637378,79.0097629,74.60024002,6.781065067,4.174573055,0.081,0.0104,0.08,0.078,,0.002,,,
10-WNR,43.267502,-71.918803,2018,64.51249907,64.5,Above_Threshold,Non-Ref,59.72947163,19.42501943,89.83050847,99.87893462,89.32730651,19.5677282,73.82852464,0.0725,0.01505,0.25,0.069,,0.002,,,
12-ASH,42.837961,-72.361026,2012,61.70236715,61.64,Above_Threshold,Non-Ref,42.01268589,0,87.1488764,100,85.59101599,17.16399179,100,0.35,0.021,0.88,0.35,,0.005,,,
14-ISR,44.41191,-71.49783,2013,73.16640872,64.5,Above_Threshold,Ref,68.80901719,51.56775412,90.39077514,99.42344651,90.74250392,27.10617962,84.12518453,0.0645,0.0132,0.015,0.1375,,0.004,0.86,,
14-ISR,44.41191,-71.49783,2014,77.73615366,64.5,Above_Threshold,Ref,104.1653752,48.2534531,93.29535325,97.65143588,91.27951836,29.4610692,96.00766528,0.115,0.0103,,0.098,0.21,0.004,,,
14-ISR,44.41191,-71.49783,2015,73.47766667,64.5,Above_Threshold,Ref,76.80894041,45.61530424,87.18244804,98.38337182,88.37502258,21.54694959,96.43163003,0.0585,0.0132,0.435,0.054,,0.004,,,
14-ISR,44.41191,-71.49783,2016,69.40022917,64.5,Above_Threshold,Ref,87.29651366,31.19367757,79.20433996,99.81916817,73.97665626,30.41586568,83.8953829,0.12,0.0124,0.038,0.12,,0.004,,,
14-ISR,44.41191,-71.49783,2017,78.37965259,64.5,Above_Threshold,Ref,87.15946665,48.61448712,90.24896266,99.17012448,87.06674971,51.79906325,84.59871424,0.076,0.01245,0.08,0.003,,0.002,,,
14-ISR,44.41191,-71.49783,2018,74.81158798,64.5,Above_Threshold,Ref,61.19249215,44.33564916,94.38202247,100,95.61251396,28.15843815,100,0.0305,0.0108,0.08,0.0295,,0.002,,,
15-CCH,43.247538,-70.956625,2011,65.11559076,59,Above_Threshold,Non-Ref,71.06852597,32.82828122,90.47807191,98.53812722,84.36612224,17.80808903,60.72191773,1.95,0.175,0.545,1.9,,0.005,,,
15-CCH,43.247538,-70.956625,2012,59.33751121,59,Above_Threshold,Non-Ref,48.53200457,14.7579693,80.53527981,100,82.81765199,3.516950101,85.2027227,4.5,0.35,0.795,4.5,,0.005,,,
15-CCH,43.247538,-70.956625,2013,63.99993047,59,Above_Threshold,Non-Ref,75.96413609,36.55531331,83.86380459,97.48334567,78.94864504,10.7964996,64.38776897,1.3,0.137,0.55,1.3,,0.004,,0.09,
15-CCH,43.247538,-70.956625,2016,45.99416587,59,Below_Threshold,Non-Ref,90.53323017,17.75568182,69.71214018,81.10137672,59.4030064,3.45372583,-8.611650089,2.8,0.0531,0.7,2.4,,0.004,2.05,0.05,
15-EXT,42.984705,-71.038343,2013,59.40668241,59,Above_Threshold,Non-Ref,56.11366597,30.06115475,78.07323452,99.04097646,78.4747784,7.103029442,66.97993733,0.12,0.0191,0.35,0.0485,,0.004,,,
15-EXT,42.984705,-71.038343,2014,62.48264429,59,Above_Threshold,Non-Ref,71.41732277,44.10154743,78.37209302,99.06976744,77.84715735,8.556672677,58.01394934,0.175,0.02435,0.37,0.094,,0.004,,,
15-EXT,42.984705,-71.038343,2015,50.4524811,59,Below_Threshold,Non-Ref,77.11209523,22.48058211,64.35406699,98.44497608,58.41771448,4.401159391,27.95677344,0.13,0.01635,0.2075,0.14,,0.004,,,
15-EXT,42.984705,-71.038343,2016,55.11849084,59,Below_Threshold,Non-Ref,76.61743786,35.55645334,75.78947368,95.26315789,69.26671859,6.570302234,26.76589229,0.16,0.0128,0.295,0.1,,0.004,,,
15-EXT,42.984705,-71.038343,2018,70.14559272,59,Above_Threshold,Non-Ref,84.05834948,63.14347539,87.66917293,98.79699248,80.11572271,17.38907057,59.84636548,0.111,0.0256,0.285,0.1,,0.002,,,
16-CCH,43.263844,-70.971317,2016,48.87746009,59,Below_Threshold,Non-Ref,67.38496256,0,89.91416309,86.05150215,75.31145369,2.255897763,21.22424137,0.28,0.0125,0.5,0.27,,0.004,0.85,0.05,
16-SGR,43.373083,-72.124994,2010,71.25783207,64.5,Above_Threshold,Non-Ref,59.32362211,67.01631702,92.47648903,99.37304075,55.6708,56.43457091,68.50998464,0.23,0.027,0.37,0.23,,0.005,,,
18-TKR,43.193442,-71.576238,2017,53.66937566,60.7,Below_Threshold,Non-Ref,89.69561934,22.59426808,69.20821114,93.5483871,62.30896567,17.34097364,20.98920465,0.002,0.0275,0.6,0.003,,0.002,,,
1981-05,43.223941,-71.711825,2013,60.74682855,61.48,Below_Threshold,Non-Ref,111.5984243,54.28100238,92,83.25,81.26321353,13.96189225,0.471691683,0.068,0.0223,0.31,,,,,,
22-AMM,44.27163,-71.63163,2013,59.37438269,64.5,Below_Threshold,Non-Ref,72.30597565,59.19835444,100,100,0,0,84.11634874,0.096,0.0059,0.015,0.094,,0.004,,,
22-AMM,44.27163,-71.63163,2014,68.49138833,64.5,Above_Threshold,Non-Ref,60.31058464,61.70024415,72.86612758,100,74.36617792,25.97424064,84.22234341,0.14,0.00647,,0.084,0.26,0.004,,,
22-AMM,44.27163,-71.63163,2015,64.95355691,64.5,Above_Threshold,Non-Ref,53.12542909,66.33323794,64.41717791,99.44227552,66.56141042,15.61042249,89.18494498,0.098,0.006655,0.015,0.084,,0.004,,,
22-AMM,44.27163,-71.63163,2016,65.98359123,64.5,Above_Threshold,Non-Ref,58.4334238,39.39257264,74.67594815,94.31108977,70.74281991,45.48428143,78.84500288,0.11,0.00838,0.038,0.1,,0.004,,,
22-AMM,44.27163,-71.63163,2017,65.58235411,64.5,Above_Threshold,Non-Ref,54.18162616,24.98285632,83.76254911,98.64687909,85.26793418,32.63642052,79.59821341,0.0915,0.006455,0.08,0.08,,0.002,,,
22-AMM,44.27163,-71.63163,2018,71.31282711,64.5,Above_Threshold,Non-Ref,53.6703138,38.33050544,79.08366534,99.93359894,81.14125598,47.03045025,100,0.11,0.00557,0.08,0.11,,0.002,,,
22-CTC,43.025956,-71.928467,2010,60.47738522,63.73,Below_Threshold,Non-Ref,81.55401946,42.4808836,88.62385321,97.24770642,49.071901,26.76343295,37.59989989,0.005,0.023,0.33,0.007,,0.005,,,
23-CCH,43.375948,-71.041305,2011,77.71032637,59.77,Above_Threshold,Non-Ref,108.3128565,90.39865172,85.37344398,94.91701245,70.83768302,35.03252436,67.41296905,0.12,0.02,0.3,0.12,,0.005,,,
25-PMI,44.046897,-71.685492,2015,67.28571683,68.09,Below_Threshold,Non-Ref,61.3330683,67.01417768,69.25287356,99.13793103,69.56088552,25.04770392,79.6533778,0.18,5.00E-04,0.015,0.21,,0.004,0.2,,
31-NMB,43.6297499,-71.22866066,2013,66.54519921,65.44,Above_Threshold,Non-Ref,93.02325581,45.45454545,58.77437326,98.05013928,42.69553081,27.81854985,100,,,,0.05,,,,,
31-NMB,43.6297499,-71.22866066,2016,74.79283634,65.44,Above_Threshold,Non-Ref,83.72093023,90.85816601,60.9561753,99.20318725,41.69369035,47.11770526,100,,,,0.05,,,,,0.002
31-NMB,43.6297499,-71.22866066,2017,76.14019308,65.44,Above_Threshold,Non-Ref,80.38087763,90.18050094,70.8994709,99.47089947,57.04889426,51.10235071,83.89835766,,,,0.183,,,,,
31-NMB,43.6297499,-71.22866066,2018,84.92656414,65.44,Above_Threshold,Non-Ref,88.09703504,95.27736225,83.81201044,99.47780679,80.31618633,63.12979692,84.37575117,,,,1,,,,,
97C-154,43.415351,-72.180365,2010,78.22056968,64.5,Above_Threshold,Non-Ref,79.06976744,45.45454545,95.98108747,99.05437352,95.96209497,48.15115112,83.87096774,0.055,0.013,0.29,0.0545,,0.005,,,
97C-155,43.362297,-72.22485,2010,70.21015881,64.5,Above_Threshold,Non-Ref,47.81895794,50.65363259,88.41698842,99.61389961,92.64776707,19.78701059,92.53285544,0.41,0.05,0.39,0.36,,0.005,,,
97C-156,43.589239,-72.078419,2008,60.47817455,64.5,Below_Threshold,Non-Ref,69.96054035,50.63628115,51.07252298,99.18283963,45.13385752,36.10646171,71.25471848,0.003,0.0099,0.31,,,,,,
98C-36,44.41191,-71.49783,2006,67.64470509,64.5,Above_Threshold,Ref,65.52863239,52.36275142,76.09271523,99.00662252,77.14601739,36.63704954,66.73914712,,0.014,,,,,,,
98S-60,43.786066,-71.207522,2008,75.37428483,68.1,Above_Threshold,Ref,73.56142589,94.42350004,68.57825568,99.52210275,64.5363361,53.22180304,73.77657031,0.003,4.00E-04,0.1,,,,,,
99C-35,43.5319,-72.1425,2008,56.5845846,68.25,Below_Threshold,Non-Ref,65.41939835,74.73021206,37.58300133,98.27357238,35.09569895,14.65884164,70.33136747,0.003,0.0076,0.27,,,,,,0.0047
99C-52,43.151889,-72.350117,2006,31.35051433,62.74,Below_Threshold,Non-Ref,33.83131496,17.61804087,15.2,96,9.302325581,3.153745072,44.34817382,0.1,0.012,,0.1,,,,,
99M-44,43.14529,-71.355229,2008,70.03558425,59.44,Above_Threshold,Non-Ref,88.56031188,85.24743898,64.02985075,97.76119403,56.48291313,42.5598682,55.6075128,0.003,0.017,0.415,,,,,,
CB-01,43.77418611,-71.79248056,2013,72.39801127,64.5,Above_Threshold,Ref,74.41860465,113.6363636,55.93220339,99.71751412,48.67357055,44.17321841,83.87096774,1,0.01,,,,,,0.5,
FW08NH057,43.818793,-71.195239,2009,55.02362931,65.5,Below_Threshold,Non-Ref,69.49282099,25.87074875,58.42173112,96.78084715,49.99046095,46.1639357,38.44486051,0.078,0.009,0.09,,,,,0.011,
FW08NH099,43.145146,-71.186063,2009,48.99271556,59,Below_Threshold,Ref,67.41065906,7.331378299,88.2258567,91.58566978,24.77722234,9.751065371,53.86715738,0.0675,0.031,0.4,,,,,,
FW08NH104,44.393192,-71.21993,2009,66.43341677,68.25,Below_Threshold,Non-Ref,83.8413189,37.90675605,82.64069264,97.72943723,56.11918033,28.76427121,78.03226104,0.071,0.0063,0.09,,,,,0.011,
FW08NH137,43.559497,-71.869015,2009,57.27501283,64.5,Below_Threshold,Non-Ref,88.37209302,68.18181818,45.57377049,94.26229508,33.96527224,18.95693759,51.61290323,0.003,0.025,0.41,,,,,0.011,
FW08NH140,42.948549,-72.431389,2009,68.10379516,61.75,Above_Threshold,Non-Ref,100.3761685,36.16691852,79.09213906,89.8155155,59.16515309,44.8257996,75.82845357,0.1005,0.015,0.09,,,,,,
FW08NH142,43.23822,-71.07663,2009,56.56148828,59,Below_Threshold,Non-Ref,81.05902579,47.21178601,63.90134529,99.32735426,46.92877255,19.15110517,38.35102889,0.005,0.026,0.25,,,,,,
FW08NH143,43.705617,-71.877744,2009,56.39781198,64.5,Below_Threshold,Ref,68.42124309,68.18060557,26.8683274,99.64412811,19.93785409,27.35677443,84.37575117,0.005,0.0197,0.28,,,,,0.011,
FW08NH147,43.732898,-71.365847,2009,75.37989564,66.44,Above_Threshold,Non-Ref,90.55068655,60.77007953,84.0251252,94.93110375,58.92495166,60.65301922,79.63294046,0.003,0.015,0.09,,,,,0.011,
FW08NH149,44.958779,-71.149287,2009,85.9813506,72,Above_Threshold,Ref,91.25233112,129.9693164,86.00347021,99.1324465,58.50942203,81.24526418,85.72652013,0.0945,0.0165,0.09,0.06,,0.004,,0.011,
FW08NH151,44.094891,-71.203852,2009,77.39517976,63.9,Above_Threshold,Ref,90.50285245,86.36443789,78.05960685,100,72.7959127,45.24634259,68.79710582,0.087,7.00E-04,0.09,,,,,0.011,
FW08NH154,43.309057,-70.913755,2009,46.65159468,59,Below_Threshold,Non-Ref,91.98580152,22.72727083,54.06593407,89.89010989,34.15189462,10.39696178,23.34319009,0.005,0.017,0.28,,,,,0.011,
FW08NH155,43.78643,-71.855296,2009,74.81364626,64.5,Above_Threshold,Non-Ref,69.76744186,90.00950506,64.93506494,99.13419913,49.42203674,66.55630834,83.87096774,0.004,0.01285,0.175,,,,,0.011,
FW08NH156,42.871713,-71.673396,2009,65.03125122,59,Above_Threshold,Non-Ref,96.10062528,53.81438425,73.01162109,94.20411536,55.71532852,42.86860397,39.50408005,0.005,0.023,0.09,,,,,,
FW08NH160,43.108655,-71.752157,2009,59.30350503,62.9,Below_Threshold,Non-Ref,59.43393543,45.43662683,60.49528302,98.3490566,41.38577526,32.23167134,77.79218674,0.003,0.015,0.09,,,,,,
FW08NH167,43.950318,-71.500649,2010,81.88950837,72,Above_Threshold,Ref,69.15074085,85.15485301,72.11538462,100,73.5214398,73.2841403,100,0.005,0.00538,0.07,0.007,,0.005,,,
FW08NH171,43.767881,-72.175775,2010,38.52206166,64.5,Below_Threshold,Ref,60.46511628,0,21.37271937,97.65421373,9.000354504,13.35752148,67.80450623,0.0785,0.018,0.19,0.0745,,0.0045,,,
FW08NH175,44.196911,-71.702122,2009,68.15461791,72,Below_Threshold,Non-Ref,77.16906521,87.89876418,55.18248175,93.79562044,43.82648416,49.0134955,70.19641414,0.11,0.005,0.09,,,,,0.011,
FW08NH179,43.693801,-71.835951,2010,66.55091572,64.5,Above_Threshold,Ref,62.24913265,32.01024328,76.42725599,99.63167587,51.97808744,43.56001481,100,0.0655,0.0105,0.07,0.0635,,0.0045,,,
FW08NH185,43.372966,-72.124968,2010,44.6289157,61.75,Below_Threshold,Non-Ref,86.72849483,0,69.56521739,85.02415459,46.68963213,24.39491099,-10.01744243,0.005,0.03,0.47,0.007,,0.005,,,
FW08NH189,42.81013,-72.310243,2010,60.45347812,63.78,Below_Threshold,Non-Ref,65.11627907,22.72727273,68.32740214,97.86476868,45.51849706,39.74915942,83.87096774,0.099,0.0077,0.07,0.099,,0.005,,,
FW08NH191,43.809556,-71.480025,2010,57.18217894,68.25,Below_Threshold,Ref,70.02548769,22.72727273,70.25440313,99.02152642,52.95755535,41.40190449,43.88710276,0.005,0.0098,0.4,0.007,,0.005,,,
FW08NH192,43.396489,-72.360046,2010,63.64020399,61.75,Above_Threshold,Non-Ref,64.8099593,49.57261883,76.57512116,98.38449111,62.50277505,35.02745941,58.6090031,0.27,0.00605,0.07,0.32,,0.005,,,
FW08NH194,43.837224,-71.181629,2010,51.52639576,65.5,Below_Threshold,Non-Ref,67.07357157,22.72727273,92.85714286,82.14285714,31.71247357,28.62774545,35.54370698,0.005,7.00E-04,0.07,0.007,,0.005,,,
FW08NH196,43.530597,-72.34844,2010,62.09772354,63.07,Below_Threshold,Non-Ref,77.66499909,41.32231405,78.79518072,96.38554217,60.11360452,43.3798268,37.0225974,0.12,0.02,0.07,0.11,,0.005,,,
FW08NH197,45.271582,-71.294802,2009,86.54285062,72,Above_Threshold,Ref,97.5728451,138.5004662,87.57062147,98.02259887,59.42356159,78.32394188,84.88638544,0.06,0.021,0.45,0.008,,0.004,,0.011,
FW08NH199,44.251966,-71.628667,2010,83.51684557,68.25,Above_Threshold,Ref,102.3255814,101.0469646,80.33088235,98.16176471,64.124487,69.80946124,72.19132369,0.005,0.032,0.39,0.007,,0.005,,,
FW08NH206,44.051124,-71.094635,2010,84.12389324,68.25,Above_Threshold,Ref,46.51162791,68.18181818,95.4887218,100,78.68508481,102.7535988,100,0.005,7.00E-04,0.07,0.007,,0.005,,,
FW08NH207,43.755425,-71.668149,2010,75.8317048,62.9,Above_Threshold,Not_Eval,105.5157499,111.8494202,87.21088435,91.83673469,62.99348492,37.00823299,51.77259661,0.16,0.021,0.29,0.15,,0.005,,,
FW08NH209,44.821844,-71.249024,2009,65.77912567,72,Below_Threshold,Ref,94.79526621,62.7740247,40.4287902,98.62174579,29.62420962,34.20984318,100,0.11,0.011,0.09,0.094,,0.004,,0.011,
FWO8NH145,44.26747163,-71.37715635,2009,78.05292811,72,Above_Threshold,Non-Ref,57.66876602,87.7339601,82.56410256,99.65811966,56.19703294,76.82199535,85.72652013,0.0975,7.00E-04,0.09,,,,,0.011,
NH HEX 59.03,42.772161,-71.806116,2010,62.29543595,61.75,Above_Threshold,Non-Ref,90.85648865,38.31612798,66.57004831,91.01449275,60.87160789,20.31397792,68.12530812,0.082,0.018,0.35,0.081,,0.005,,,
NHLS-1046,43.127416,-71.954893,2014,76.7867606,64.5,Above_Threshold,Non-Ref,82.22125807,84.93791032,80.7751938,100,79.32215612,38.30129674,71.94950912,0.16,0.0171,0.31,,,,,,
NHLS-1047,45.106547,-71.396306,2015,64.17487163,64.5,Below_Threshold,Ref,110.2730135,48.09560507,53.16159251,98.82903981,45.79865426,29.69715061,73.64205916,0.1,0.00814,0.015,,,,,,
NHLS-1048,43.412142,-71.671741,2014,71.76651633,61.75,Above_Threshold,Non-Ref,116.1720594,73.52714417,72.5090036,99.3997599,54.56728146,62.78464079,39.57778435,0.071,0.0135,,,,,,,
NHLS-1049,42.793503,-71.470755,2015,27.48548132,59,Below_Threshold,Non-Ref,23.25581395,0,18.6440678,88.13559322,10.74999104,0,51.61290323,0.3,0.016,0.015,,,,,,
NHLS-1050,43.090671,-72.217937,2015,74.2643407,67.72,Above_Threshold,Ref,74.41860465,45.45454545,85.85365854,99.51219512,84.05094622,62.81849941,67.74193548,0.011,0.0221,1.1,,,,,,
NHLS-1051,43.494476,-71.026437,2015,58.29384439,61.14,Below_Threshold,Non-Ref,75.78383491,40.34837305,64.02439024,99.89837398,52.74669554,28.97877205,46.27647099,0.011,0.0122,0.69,,,,,,
NHLS-1054,42.954536,-71.708657,2015,62.10359929,60.32,Above_Threshold,Non-Ref,119.0848004,22.72727083,76.94524496,97.98270893,74.94013928,40.52001954,21.60981149,0.0485,0.01865,0.545,,,,,,
NHLS-1055,43.786406,-71.208664,2015,79.61492679,68.1,Above_Threshold,Ref,88.37209302,113.6103995,74.75083056,99.33554817,58.99995083,68.10412947,67.74193548,0.061,0.00533,0.015,,,,,,
NHLS-1056,44.10281,-71.56533,2015,59.46812523,65.25,Below_Threshold,Ref,78.58003695,83.60208475,38.30275229,97.59174312,25.33603584,39.18070139,53.68352223,0.15,5.00E-04,0.34,,,,,,
NHLS-1057,42.888941,-72.275978,2015,59.06020189,62.46,Below_Threshold,Non-Ref,114.3797702,66.02724493,68.16326531,94.28571429,55.98222376,28.96296495,-10.08455997,0.21,0.0147,0.28,,,,,,
NHLS-1059,43.648519,-72.076229,2014,67.2123184,64.5,Above_Threshold,Non-Ref,75.84554547,36.36363636,91.0543131,97.76357827,82.40514965,19.31207046,67.74193548,0.092,0.0138,,,,,,,
NHLS-1062,43.115559,-71.237412,2016,52.37518896,59,Below_Threshold,Non-Ref,68.14690098,22.72727273,70.83333333,94.44444444,29.36340146,45.62709885,35.48387097,0.058,0.0386,1.6,,,,,,
NHSS-1076,44.34662719,-71.34180417,2016,72.00528277,72,Above_Threshold,Ref,66.77267901,67.85280023,58.48452508,100,55.39247429,68.43772658,87.09677419,0.13,0.001,0.038,,,,,,
NHSS-1079,43.957622,-72.045779,2015,65.06943151,65.62,Below_Threshold,Ref,93.02325581,45.45454545,62.66666667,97.33333333,47.21634954,42.0499343,67.74193548,0.011,0.0067,0.015,,,,,,
NHSS-1082,44.883601,-71.362127,2015,72.51854833,72,Above_Threshold,Non-Ref,140.0315744,99.1202346,66.86567164,97.91044776,30.60805907,57.66175692,55.46366828,0.16,0.00788,0.015,,,,,,
NHSS-1083,43.575664,-71.979565,2016,76.74942195,64.5,Above_Threshold,Ref,65.11627907,45.45454545,86.18421053,98.68421053,67.45855124,74.34815686,100,0.1165,0.01225,0.295,,,,,,
NHSS-1084,45.271734,-71.294682,2015,66.90976496,72,Below_Threshold,Ref,126.2760131,90.90909091,59.45121951,94.20731707,35.4509359,49.27726675,39.07252455,0.088,0.00887,0.32,,,,,,
NHSS-1085,43.476298,-72.151776,2015,74.05431259,64.5,Above_Threshold,Ref,109.7835268,128.3932502,54.17558887,99.57173448,29.19992213,50.6490108,84.78393183,0.011,0.0132,0.015,,,,,,
NHSS-1086,43.867742,-71.405594,2015,83.85862072,68.25,Above_Threshold,Ref,92.58242471,113.6363636,87.15305313,100,67.7337527,71.79917905,67.74193548,0.011,0.00873,0.015,,,,,,
NHSS-1088,44.238721,-71.48658,2016,81.98392502,72,Above_Threshold,Ref,83.72093023,90.90909091,84.15841584,99.00990099,52.85412262,79.36404679,83.87096774,0.099,0.00534,0.038,,,,,,
NHSS-1090,44.579641,-71.049372,2016,55.89483271,68.25,Below_Threshold,Ref,60.46511628,0,84.38438438,96.0960961,80.94775537,17.75757361,51.61290323,0.011,0.00643,0.038,,,,,,
NHSS-1092,44.076455,-71.025444,2016,78.35387569,65.94,Above_Threshold,Ref,85.09751345,90.2340234,67.26862302,99.77426637,58.93890875,47.16379482,100,0.011,0.012,0.038,,,,,,
NHSS-1095,43.29729,-71.544773,2015,49.39815351,61.31,Below_Threshold,Non-Ref,66.26106835,0,96.53465347,93.81188119,58.87216629,5.854724763,24.45258052,0.055,0.0606,1.6,,,,,,
NHSS-1096,43.039959,-72.456634,2015,35.89794058,64.5,Below_Threshold,Non-Ref,65.11627907,22.72727273,40.0304414,95.05327245,7.803424497,1.200055203,19.35483871,0.9,0.0214,0.015,,,,,,
NHSS-1097,43.986081,-71.890965,2014,87.28382283,67.58,Above_Threshold,Ref,76.91108747,132.7763503,76.11336032,100,69.11692958,88.84538243,100,0.13,5.00E-04,,,,,,,
NHSS-1101,43.503496,-71.910193,2015,75.2323345,64.5,Above_Threshold,Non-Ref,97.6744186,90.90909091,67.90697674,99.53488372,54.57495452,48.28408153,67.74193548,0.054,0.010005,0.525,,,,,,
NHSS-1102,44.147258,-71.792272,2016,68.60125818,68.25,Above_Threshold,Ref,73.80917154,56.07774281,71.38461538,99.69230769,64.88859977,26.88769837,87.46867168,0.011,0.00965,0.144,,,,,,
NHSS-1105,43.45269685,-72.04962693,2015,80.87176798,68.25,Above_Threshold,Non-Ref,98.48250644,90.90909091,76.08695652,94.56521739,61.66314306,76.65352606,67.74193548,0.011,0.00823,0.015,,,,,,
NHSS-1106,44.32411864,-71.55990225,2016,57.87580998,68.25,Below_Threshold,Non-Ref,55.81395349,22.72727273,60.71428571,98.80952381,20.13490386,46.93073024,100,0.5,0.00623,0.038,,,,,,
NHSS-1108,43.913558,-71.365166,2016,58.88066679,72,Below_Threshold,Ref,63.61626915,69.53440772,35.42199488,97.31457801,31.49619072,39.48902877,75.29219826,0.1,0.00539,0.038,,,,,,
SP01C-26.1,42.892025,-72.280162,2001,55.37080562,61.81,Below_Threshold,Non-Ref,63.46381447,0,67.9245283,98.11320755,61.16451926,24.79359334,72.13597643,0.14,0.016,0.3,,,,2.16,0.1,0.01
SP01C-26.2,42.891345,-72.280311,2001,33.81616972,61.81,Below_Threshold,Non-Ref,79.2158916,6.313131313,51.66666667,66.94444444,14.97533474,1.460067163,16.13765213,0.14,0.016,0.3,,,,2.16,0.1,0.01
SP01C-26.3,42.891345,-72.280311,2001,40.4645946,61.81,Below_Threshold,Non-Ref,73.72054551,0,64.09883721,71.22093023,32.26559811,4.392934633,37.55331648,0.14,0.016,0.3,,,,2.16,0.1,0.01
SP01C-26.4,42.88996,-72.282098,2001,45.71648671,61.75,Below_Threshold,Non-Ref,66.25489464,0,51.21495327,95.14018692,43.07364012,4.912375502,59.41935649,3.27,0.644,0.7,,,,2.89,0.1,0.638
SP03M-200,42.75411,-71.22095,2003,38.94842833,59,Below_Threshold,Non-Ref,53.35610903,12.69680041,51.95530726,64.80446927,18.30701454,3.670559907,67.84873789,,,,0.655,,,,,19
SP04C-205,43.696172,-71.98133,2009,76.78233418,66.75,Above_Threshold,Non-Ref,80.13254691,71.92820091,75.80645161,99.23195084,71.20286565,51.67426642,87.50005692,0.003,0.019,0.09,,,,,0.011,
SP04M-200,42.911222,-71.995887,2009,73.43273181,63.24,Above_Threshold,Non-Ref,72.88900242,66.89854315,82.72251309,100,66.59803932,41.05005584,83.87096881,0.003,0.015,0.31,,,,,,
SP04P-202,43.336514,-70.99683,2009,50.66172841,59.33,Below_Threshold,Non-Ref,53.55162003,48.93494459,40.29318542,97.50396197,28.98181684,13.53628036,71.83028968,0.12,0.039,0.09,,,,,0.011,
SWA-SOR170,42.847161,-71.676013,2010,68.72258922,59,Above_Threshold,Non-Ref,68.68713743,30.68702951,96.1295331,97.88177886,95.61455564,13.91735307,78.14073695,0.13,0.0235,0.295,0.12,,0.005,,,
